"attribute","value","url","name"
"Home City","Whiterun","https://en.uesp.net/wiki/Skyrim:Acolyte_Jenssen","Acolyte Jenssen(RefID: 000D3E7A)"
"Location","Temple of Kynareth","https://en.uesp.net/wiki/Skyrim:Acolyte_Jenssen","Acolyte Jenssen(RefID: 000D3E7A)"
"Race","Nord","https://en.uesp.net/wiki/Skyrim:Acolyte_Jenssen","Acolyte Jenssen(RefID: 000D3E7A)"
"Level","4","https://en.uesp.net/wiki/Skyrim:Acolyte_Jenssen","Acolyte Jenssen(RefID: 000D3E7A)"
"RefID","000D3E7A","https://en.uesp.net/wiki/Skyrim:Acolyte_Jenssen","Acolyte Jenssen(RefID: 000D3E7A)"
"Health","75","https://en.uesp.net/wiki/Skyrim:Acolyte_Jenssen","Acolyte Jenssen(RefID: 000D3E7A)"
"Stamina","70","https://en.uesp.net/wiki/Skyrim:Acolyte_Jenssen","Acolyte Jenssen(RefID: 000D3E7A)"
"Primary Skills","Speech, Two-handed","https://en.uesp.net/wiki/Skyrim:Acolyte_Jenssen","Acolyte Jenssen(RefID: 000D3E7A)"
"Morality","No Crime","https://en.uesp.net/wiki/Skyrim:Acolyte_Jenssen","Acolyte Jenssen(RefID: 000D3E7A)"
"Faction(s)","CrimeFactionWhiterun; TownWhiterunFaction; WhiterunTempleofKynarethFaction","https://en.uesp.net/wiki/Skyrim:Acolyte_Jenssen","Acolyte Jenssen(RefID: 000D3E7A)"
"Gender","Male","https://en.uesp.net/wiki/Skyrim:Acolyte_Jenssen","Acolyte Jenssen(RefID: 000D3E7A)"
"Class","Priest","https://en.uesp.net/wiki/Skyrim:Acolyte_Jenssen","Acolyte Jenssen(RefID: 000D3E7A)"
"BaseID","000D3E79","https://en.uesp.net/wiki/Skyrim:Acolyte_Jenssen","Acolyte Jenssen(RefID: 000D3E7A)"
"Magicka","50","https://en.uesp.net/wiki/Skyrim:Acolyte_Jenssen","Acolyte Jenssen(RefID: 000D3E7A)"
"Aggression","Unaggressive","https://en.uesp.net/wiki/Skyrim:Acolyte_Jenssen","Acolyte Jenssen(RefID: 000D3E7A)"
"Home City","Solitude","https://en.uesp.net/wiki/Skyrim:Addvar","Addvar(RefID: 000198D4)"
"House","Addvar's House","https://en.uesp.net/wiki/Skyrim:Addvar","Addvar(RefID: 000198D4)"
"Store","Stall in Solitude's marketplace","https://en.uesp.net/wiki/Skyrim:Addvar","Addvar(RefID: 000198D4)"
"Race","Nord","https://en.uesp.net/wiki/Skyrim:Addvar","Addvar(RefID: 000198D4)"
"Level","6","https://en.uesp.net/wiki/Skyrim:Addvar","Addvar(RefID: 000198D4)"
"RefID","000198D4","https://en.uesp.net/wiki/Skyrim:Addvar","Addvar(RefID: 000198D4)"
"Gold","50 (+1000 Master Trader)","https://en.uesp.net/wiki/Skyrim:Addvar","Addvar(RefID: 000198D4)"
"Sells","Random drinks, 2 Salmon Meat, 6 Salmon Steak, Salt Pile, 20 Seared Slaughterfish","https://en.uesp.net/wiki/Skyrim:Addvar","Addvar(RefID: 000198D4)"
"Buys","Innkeeper (Food, Raw Food)","https://en.uesp.net/wiki/Skyrim:Addvar","Addvar(RefID: 000198D4)"
"Health","91","https://en.uesp.net/wiki/Skyrim:Addvar","Addvar(RefID: 000198D4)"
"Stamina","67","https://en.uesp.net/wiki/Skyrim:Addvar","Addvar(RefID: 000198D4)"
"Primary Skills","Speech, One-handed, Pickpocket, Two-handed","https://en.uesp.net/wiki/Skyrim:Addvar","Addvar(RefID: 000198D4)"
"Morality","No Crime","https://en.uesp.net/wiki/Skyrim:Addvar","Addvar(RefID: 000198D4)"
"Faction(s)","CrimeFactionHaafingar; Fish vendor; SolitudeAddvarsHouseFaction; TownSolitudeFaction","https://en.uesp.net/wiki/Skyrim:Addvar","Addvar(RefID: 000198D4)"
"Gender","Male","https://en.uesp.net/wiki/Skyrim:Addvar","Addvar(RefID: 000198D4)"
"Class","Food Vendor","https://en.uesp.net/wiki/Skyrim:Addvar","Addvar(RefID: 000198D4)"
"BaseID","00013255","https://en.uesp.net/wiki/Skyrim:Addvar","Addvar(RefID: 000198D4)"
"Magicka","67","https://en.uesp.net/wiki/Skyrim:Addvar","Addvar(RefID: 000198D4)"
"Aggression","Unaggressive","https://en.uesp.net/wiki/Skyrim:Addvar","Addvar(RefID: 000198D4)"
"Location","The Rift","https://en.uesp.net/wiki/Skyrim:Addvild","Addvild(RefID: 00019E01)"
"House","Snow-Shod Farm","https://en.uesp.net/wiki/Skyrim:Addvild","Addvild(RefID: 00019E01)"
"Race","Nord","https://en.uesp.net/wiki/Skyrim:Addvild","Addvild(RefID: 00019E01)"
"Level","6","https://en.uesp.net/wiki/Skyrim:Addvild","Addvild(RefID: 00019E01)"
"RefID","00019E01","https://en.uesp.net/wiki/Skyrim:Addvild","Addvild(RefID: 00019E01)"
"Health","91","https://en.uesp.net/wiki/Skyrim:Addvild","Addvild(RefID: 00019E01)"
"Stamina","67","https://en.uesp.net/wiki/Skyrim:Addvild","Addvild(RefID: 00019E01)"
"Primary Skills","Smithing, Two-handed","https://en.uesp.net/wiki/Skyrim:Addvild","Addvild(RefID: 00019E01)"
"Morality","Any Crime","https://en.uesp.net/wiki/Skyrim:Addvild","Addvild(RefID: 00019E01)"
"Faction(s)","CrimeFactionRift; FavorJobsGatherWheatFaction; JobFarmerFaction; Snow-Shod Farm Faction; Snow-Shod Farm House Faction","https://en.uesp.net/wiki/Skyrim:Addvild","Addvild(RefID: 00019E01)"
"Gender","Male","https://en.uesp.net/wiki/Skyrim:Addvild","Addvild(RefID: 00019E01)"
"Class","Farmer","https://en.uesp.net/wiki/Skyrim:Addvild","Addvild(RefID: 00019E01)"
"BaseID","00019DC7","https://en.uesp.net/wiki/Skyrim:Addvild","Addvild(RefID: 00019E01)"
"Magicka","67","https://en.uesp.net/wiki/Skyrim:Addvild","Addvild(RefID: 00019E01)"
"Aggression","Unaggressive","https://en.uesp.net/wiki/Skyrim:Addvild","Addvild(RefID: 00019E01)"
"Location","Left Hand Mine","https://en.uesp.net/wiki/Skyrim:Adeber","Adeber(RefID: 000661AE)"
"Race","Breton","https://en.uesp.net/wiki/Skyrim:Adeber","Adeber(RefID: 000661AE)"
"Level","6","https://en.uesp.net/wiki/Skyrim:Adeber","Adeber(RefID: 000661AE)"
"RefID","000661AE","https://en.uesp.net/wiki/Skyrim:Adeber","Adeber(RefID: 000661AE)"
"Health","91","https://en.uesp.net/wiki/Skyrim:Adeber","Adeber(RefID: 000661AE)"
"Stamina","67","https://en.uesp.net/wiki/Skyrim:Adeber","Adeber(RefID: 000661AE)"
"Primary Skills","Alchemy, Conjuration","https://en.uesp.net/wiki/Skyrim:Adeber","Adeber(RefID: 000661AE)"
"Morality","No Crime","https://en.uesp.net/wiki/Skyrim:Adeber","Adeber(RefID: 000661AE)"
"Faction(s)","CrimeFactionReach; JobMinerFaction; LeftHandMinersBarracksFaction; TownLeftHandMineFaction","https://en.uesp.net/wiki/Skyrim:Adeber","Adeber(RefID: 000661AE)"
"Gender","Male","https://en.uesp.net/wiki/Skyrim:Adeber","Adeber(RefID: 000661AE)"
"Class","Miner","https://en.uesp.net/wiki/Skyrim:Adeber","Adeber(RefID: 000661AE)"
"BaseID","000661AD","https://en.uesp.net/wiki/Skyrim:Adeber","Adeber(RefID: 000661AE)"
"Magicka","67","https://en.uesp.net/wiki/Skyrim:Adeber","Adeber(RefID: 000661AE)"
"Aggression","Unaggressive","https://en.uesp.net/wiki/Skyrim:Adeber","Adeber(RefID: 000661AE)"
"Home City","Windhelm","https://en.uesp.net/wiki/Skyrim:Adonato_Leotelli","Adonato Leotelli(RefID: 0001B119)"
"Location","Candlehearth Hall","https://en.uesp.net/wiki/Skyrim:Adonato_Leotelli","Adonato Leotelli(RefID: 0001B119)"
"Race","Imperial","https://en.uesp.net/wiki/Skyrim:Adonato_Leotelli","Adonato Leotelli(RefID: 0001B119)"
"Level","4","https://en.uesp.net/wiki/Skyrim:Adonato_Leotelli","Adonato Leotelli(RefID: 0001B119)"
"RefID","0001B119","https://en.uesp.net/wiki/Skyrim:Adonato_Leotelli","Adonato Leotelli(RefID: 0001B119)"
"Health","73","https://en.uesp.net/wiki/Skyrim:Adonato_Leotelli","Adonato Leotelli(RefID: 0001B119)"
"Stamina","59","https://en.uesp.net/wiki/Skyrim:Adonato_Leotelli","Adonato Leotelli(RefID: 0001B119)"
"Primary Skills","Restoration","https://en.uesp.net/wiki/Skyrim:Adonato_Leotelli","Adonato Leotelli(RefID: 0001B119)"
"Morality","No Crime","https://en.uesp.net/wiki/Skyrim:Adonato_Leotelli","Adonato Leotelli(RefID: 0001B119)"
"Faction(s)","CrimeFactionEastmarch; Favor001QuestGiverFaction; TownWindhelmFaction; WindhelmCandlehearthOwnerFaction; WindhelmCandlehearthPatrons","https://en.uesp.net/wiki/Skyrim:Adonato_Leotelli","Adonato Leotelli(RefID: 0001B119)"
"Gender","Male","https://en.uesp.net/wiki/Skyrim:Adonato_Leotelli","Adonato Leotelli(RefID: 0001B119)"
"Class","Bard","https://en.uesp.net/wiki/Skyrim:Adonato_Leotelli","Adonato Leotelli(RefID: 0001B119)"
"BaseID","0001413C","https://en.uesp.net/wiki/Skyrim:Adonato_Leotelli","Adonato Leotelli(RefID: 0001B119)"
"Magicka","63","https://en.uesp.net/wiki/Skyrim:Adonato_Leotelli","Adonato Leotelli(RefID: 0001B119)"
"Aggression","Unaggressive","https://en.uesp.net/wiki/Skyrim:Adonato_Leotelli","Adonato Leotelli(RefID: 0001B119)"
"Home City","Raven Rock","https://en.uesp.net/wiki/Skyrim:Adril_Arano","Adril Arano(RefID: xx018281)"
"House","Morvayn Manor","https://en.uesp.net/wiki/Skyrim:Adril_Arano","Adril Arano(RefID: xx018281)"
"Race","Dark Elf","https://en.uesp.net/wiki/Skyrim:Adril_Arano","Adril Arano(RefID: xx018281)"
"Level","15","https://en.uesp.net/wiki/Skyrim:Adril_Arano","Adril Arano(RefID: xx018281)"
"RefID","xx018281","https://en.uesp.net/wiki/Skyrim:Adril_Arano","Adril Arano(RefID: xx018281)"
"Health","238","https://en.uesp.net/wiki/Skyrim:Adril_Arano","Adril Arano(RefID: xx018281)"
"Stamina","97","https://en.uesp.net/wiki/Skyrim:Adril_Arano","Adril Arano(RefID: xx018281)"
"Primary Skills","One-handed, Heavy Armor, Archery, Block, Two-handed, Destruction","https://en.uesp.net/wiki/Skyrim:Adril_Arano","Adril Arano(RefID: xx018281)"
"Class Details","CombatWarrior1H","https://en.uesp.net/wiki/Skyrim:Adril_Arano","Adril Arano(RefID: xx018281)"
"Morality","No Crime","https://en.uesp.net/wiki/Skyrim:Adril_Arano","Adril Arano(RefID: xx018281)"
"Essential","Yes","https://en.uesp.net/wiki/Skyrim:Adril_Arano","Adril Arano(RefID: xx018281)"
"Faction(s)","Adril and Cindiri Arano's Shared Faction; DLC2CrimeRavenRockFaction; Raven Rock Morvayn Manor Faction","https://en.uesp.net/wiki/Skyrim:Adril_Arano","Adril Arano(RefID: xx018281)"
"Gender","Male","https://en.uesp.net/wiki/Skyrim:Adril_Arano","Adril Arano(RefID: xx018281)"
"Class","Warrior","https://en.uesp.net/wiki/Skyrim:Adril_Arano","Adril Arano(RefID: xx018281)"
"BaseID","xx018280","https://en.uesp.net/wiki/Skyrim:Adril_Arano","Adril Arano(RefID: xx018281)"
"Magicka","50","https://en.uesp.net/wiki/Skyrim:Adril_Arano","Adril Arano(RefID: xx018281)"
"Aggression","Unaggressive","https://en.uesp.net/wiki/Skyrim:Adril_Arano","Adril Arano(RefID: xx018281)"
"Location","Harmugstahl","https://en.uesp.net/wiki/Skyrim:Adventurer","Adventurer(RefID: 00055BEF)"
"Race","Radiant","https://en.uesp.net/wiki/Skyrim:Adventurer","Adventurer(RefID: 00055BEF)"
"Level","Radiant (1-25)","https://en.uesp.net/wiki/Skyrim:Adventurer","Adventurer(RefID: 00055BEF)"
"RefID","00055BEF","https://en.uesp.net/wiki/Skyrim:Adventurer","Adventurer(RefID: 00055BEF)"
"Health","35-489","https://en.uesp.net/wiki/Skyrim:Adventurer","Adventurer(RefID: 00055BEF)"
"Magicka","25","https://en.uesp.net/wiki/Skyrim:Adventurer","Adventurer(RefID: 00055BEF)"
"Stamina","70-246","https://en.uesp.net/wiki/Skyrim:Adventurer","Adventurer(RefID: 00055BEF)"
"Primary Skills","One-handed, Two-handed, Block, Light Armor","https://en.uesp.net/wiki/Skyrim:Adventurer","Adventurer(RefID: 00055BEF)"
"Morality","Any Crime","https://en.uesp.net/wiki/Skyrim:Adventurer","Adventurer(RefID: 00055BEF)"
"Faction(s)","Player Ally Faction","https://en.uesp.net/wiki/Skyrim:Adventurer","Adventurer(RefID: 00055BEF)"
"Gender","Male","https://en.uesp.net/wiki/Skyrim:Adventurer","Adventurer(RefID: 00055BEF)"
"Class","Radiant","https://en.uesp.net/wiki/Skyrim:Adventurer","Adventurer(RefID: 00055BEF)"
"BaseID","00055BA7","https://en.uesp.net/wiki/Skyrim:Adventurer","Adventurer(RefID: 00055BEF)"
"Aggression","Very Aggressive","https://en.uesp.net/wiki/Skyrim:Adventurer","Adventurer(RefID: 00055BEF)"
"Home City","Riften","https://en.uesp.net/wiki/Skyrim:Aerin","Aerin(RefID: 00019DF8)"
"House","Aerin's House","https://en.uesp.net/wiki/Skyrim:Aerin","Aerin(RefID: 00019DF8)"
"Race","Imperial","https://en.uesp.net/wiki/Skyrim:Aerin","Aerin(RefID: 00019DF8)"
"Level","6","https://en.uesp.net/wiki/Skyrim:Aerin","Aerin(RefID: 00019DF8)"
"RefID","00019DF8","https://en.uesp.net/wiki/Skyrim:Aerin","Aerin(RefID: 00019DF8)"
"Health","108","https://en.uesp.net/wiki/Skyrim:Aerin","Aerin(RefID: 00019DF8)"
"Stamina","67","https://en.uesp.net/wiki/Skyrim:Aerin","Aerin(RefID: 00019DF8)"
"Primary Skills","Heavy Armor, One-handed","https://en.uesp.net/wiki/Skyrim:Aerin","Aerin(RefID: 00019DF8)"
"Class Details","CombatWarrior1H","https://en.uesp.net/wiki/Skyrim:Aerin","Aerin(RefID: 00019DF8)"
"Morality","Any Crime","https://en.uesp.net/wiki/Skyrim:Aerin","Aerin(RefID: 00019DF8)"
"Faction(s)","CrimeFactionRift; Riften Hosue of Mjoll the Lioness Faction; TownRiftenFaction","https://en.uesp.net/wiki/Skyrim:Aerin","Aerin(RefID: 00019DF8)"
"Gender","Male","https://en.uesp.net/wiki/Skyrim:Aerin","Aerin(RefID: 00019DF8)"
"Class","Warrior","https://en.uesp.net/wiki/Skyrim:Aerin","Aerin(RefID: 00019DF8)"
"BaseID","00013346","https://en.uesp.net/wiki/Skyrim:Aerin","Aerin(RefID: 00019DF8)"
"Magicka","50","https://en.uesp.net/wiki/Skyrim:Aerin","Aerin(RefID: 00019DF8)"
"Aggression","Unaggressive","https://en.uesp.net/wiki/Skyrim:Aerin","Aerin(RefID: 00019DF8)"
"Added by","Alternative Armors - Elven Hunter","https://en.uesp.net/wiki/Skyrim:Aesrael","Aesrael(RefID: FExxx822)"
"Location","Camp west of Sunderstone Gorge","https://en.uesp.net/wiki/Skyrim:Aesrael","Aesrael(RefID: FExxx822)"
"Race","High Elf","https://en.uesp.net/wiki/Skyrim:Aesrael","Aesrael(RefID: FExxx822)"
"Level","PC×1 (range=15-50)","https://en.uesp.net/wiki/Skyrim:Aesrael","Aesrael(RefID: FExxx822)"
"RefID","FExxx822","https://en.uesp.net/wiki/Skyrim:Aesrael","Aesrael(RefID: FExxx822)"
"Health","50+(PC-1)×10","https://en.uesp.net/wiki/Skyrim:Aesrael","Aesrael(RefID: FExxx822)"
"Stamina","50+(PC-1)×5","https://en.uesp.net/wiki/Skyrim:Aesrael","Aesrael(RefID: FExxx822)"
"Primary Skills","Archery, Light Armor, One-handed, Block","https://en.uesp.net/wiki/Skyrim:Aesrael","Aesrael(RefID: FExxx822)"
"Morality","No Crime","https://en.uesp.net/wiki/Skyrim:Aesrael","Aesrael(RefID: FExxx822)"
"Faction(s)","HunterFaction; WIPlayerEnemyFaction; Faction that is friends with all Creatures; Friends with PredatorFaction","https://en.uesp.net/wiki/Skyrim:Aesrael","Aesrael(RefID: FExxx822)"
"Gender","Male","https://en.uesp.net/wiki/Skyrim:Aesrael","Aesrael(RefID: FExxx822)"
"Class","Ranger","https://en.uesp.net/wiki/Skyrim:Aesrael","Aesrael(RefID: FExxx822)"
"BaseID","FExxx821","https://en.uesp.net/wiki/Skyrim:Aesrael","Aesrael(RefID: FExxx822)"
"Magicka","50","https://en.uesp.net/wiki/Skyrim:Aesrael","Aesrael(RefID: FExxx822)"
"Aggression","Aggressive","https://en.uesp.net/wiki/Skyrim:Aesrael","Aesrael(RefID: FExxx822)"
"Race","Breton","https://en.uesp.net/wiki/Skyrim:Afflicted_Refugee","Afflicted Refugee"
"Level","Radiant (1-24)","https://en.uesp.net/wiki/Skyrim:Afflicted_Refugee","Afflicted Refugee"
"RefID","N/A","https://en.uesp.net/wiki/Skyrim:Afflicted_Refugee","Afflicted Refugee"
"Health","30-283","https://en.uesp.net/wiki/Skyrim:Afflicted_Refugee","Afflicted Refugee"
"Magicka","25","https://en.uesp.net/wiki/Skyrim:Afflicted_Refugee","Afflicted Refugee"
"Stamina","70-162","https://en.uesp.net/wiki/Skyrim:Afflicted_Refugee","Afflicted Refugee"
"Primary Skills","One-handed, Two-handed, Block, Light Armor","https://en.uesp.net/wiki/Skyrim:Afflicted_Refugee","Afflicted Refugee"
"Morality","No Crime","https://en.uesp.net/wiki/Skyrim:Afflicted_Refugee","Afflicted Refugee"
"Faction(s)","The Afflicted","https://en.uesp.net/wiki/Skyrim:Afflicted_Refugee","Afflicted Refugee"
"Gender","Male","https://en.uesp.net/wiki/Skyrim:Afflicted_Refugee","Afflicted Refugee"
"Class","Bandit","https://en.uesp.net/wiki/Skyrim:Afflicted_Refugee","Afflicted Refugee"
"BaseID","000BEDE5","https://en.uesp.net/wiki/Skyrim:Afflicted_Refugee","Afflicted Refugee"
"Aggression","Unaggressive","https://en.uesp.net/wiki/Skyrim:Afflicted_Refugee","Afflicted Refugee"
"Location","Shrine of Talos (map)","https://en.uesp.net/wiki/Skyrim:Agent_Lorcalin","Agent Lorcalin(RefID: 000DD99D)"
"Race","High Elf","https://en.uesp.net/wiki/Skyrim:Agent_Lorcalin","Agent Lorcalin(RefID: 000DD99D)"
"Level","Radiant (14-50)","https://en.uesp.net/wiki/Skyrim:Agent_Lorcalin","Agent Lorcalin(RefID: 000DD99D)"
"RefID","000DD99D","https://en.uesp.net/wiki/Skyrim:Agent_Lorcalin","Agent Lorcalin(RefID: 000DD99D)"
"Health","317-791","https://en.uesp.net/wiki/Skyrim:Agent_Lorcalin","Agent Lorcalin(RefID: 000DD99D)"
"Magicka","228-544","https://en.uesp.net/wiki/Skyrim:Agent_Lorcalin","Agent Lorcalin(RefID: 000DD99D)"
"Stamina","50","https://en.uesp.net/wiki/Skyrim:Agent_Lorcalin","Agent Lorcalin(RefID: 000DD99D)"
"Primary Skills","Conjuration, Destruction, Alteration, Illusion, Restoration, Sneak","https://en.uesp.net/wiki/Skyrim:Agent_Lorcalin","Agent Lorcalin(RefID: 000DD99D)"
"Morality","Violence Against Enemies","https://en.uesp.net/wiki/Skyrim:Agent_Lorcalin","Agent Lorcalin(RefID: 000DD99D)"
"Faction(s)","CrimeFactionImperial; Imperial Justiciar Faction; WEPlayerEnemy","https://en.uesp.net/wiki/Skyrim:Agent_Lorcalin","Agent Lorcalin(RefID: 000DD99D)"
"Gender","Male","https://en.uesp.net/wiki/Skyrim:Agent_Lorcalin","Agent Lorcalin(RefID: 000DD99D)"
"Class","Thalmor Wizard","https://en.uesp.net/wiki/Skyrim:Agent_Lorcalin","Agent Lorcalin(RefID: 000DD99D)"
"BaseID","000DD99E","https://en.uesp.net/wiki/Skyrim:Agent_Lorcalin","Agent Lorcalin(RefID: 000DD99D)"
"Aggression","Very Aggressive","https://en.uesp.net/wiki/Skyrim:Agent_Lorcalin","Agent Lorcalin(RefID: 000DD99D)"
"Added by","Dawnguard","https://en.uesp.net/wiki/Skyrim:Agmaer","Agmaer(RefID: xx003474)"
"Location","Fort Dawnguard","https://en.uesp.net/wiki/Skyrim:Agmaer","Agmaer(RefID: xx003474)"
"Race","Nord","https://en.uesp.net/wiki/Skyrim:Agmaer","Agmaer(RefID: xx003474)"
"Level","PC×1 (range=5-25)","https://en.uesp.net/wiki/Skyrim:Agmaer","Agmaer(RefID: xx003474)"
"RefID","xx003474","https://en.uesp.net/wiki/Skyrim:Agmaer","Agmaer(RefID: xx003474)"
"Health","50+(PC-1)×11","https://en.uesp.net/wiki/Skyrim:Agmaer","Agmaer(RefID: xx003474)"
"Stamina","50+(PC-1)×4","https://en.uesp.net/wiki/Skyrim:Agmaer","Agmaer(RefID: xx003474)"
"Primary Skills","One-handed, Two-handed, Block, Light Armor","https://en.uesp.net/wiki/Skyrim:Agmaer","Agmaer(RefID: xx003474)"
"Morality","Any Crime","https://en.uesp.net/wiki/Skyrim:Agmaer","Agmaer(RefID: xx003474)"
"Follower","Yes","https://en.uesp.net/wiki/Skyrim:Agmaer","Agmaer(RefID: xx003474)"
"StewardHF","Yes","https://en.uesp.net/wiki/Skyrim:Agmaer","Agmaer(RefID: xx003474)"
"Faction(s)","CrimeFactionRift; DLC1HunterFaction; Gets dialogue pointing player to radiant quests; PotentialFollowerFaction","https://en.uesp.net/wiki/Skyrim:Agmaer","Agmaer(RefID: xx003474)"
"Gender","Male","https://en.uesp.net/wiki/Skyrim:Agmaer","Agmaer(RefID: xx003474)"
"Class","Bandit","https://en.uesp.net/wiki/Skyrim:Agmaer","Agmaer(RefID: xx003474)"
"BaseID","xx00336E","https://en.uesp.net/wiki/Skyrim:Agmaer","Agmaer(RefID: xx003474)"
"Magicka","50","https://en.uesp.net/wiki/Skyrim:Agmaer","Agmaer(RefID: xx003474)"
"Aggression","Aggressive","https://en.uesp.net/wiki/Skyrim:Agmaer","Agmaer(RefID: xx003474)"
"Added by","Saturalia Holiday Pack","https://en.uesp.net/wiki/Skyrim:Agrane_Peryval","Agrane Peryval(RefID: FExxx826)"
"Location","Camp north of the Windward Ruins","https://en.uesp.net/wiki/Skyrim:Agrane_Peryval","Agrane Peryval(RefID: FExxx826)"
"Race","Breton","https://en.uesp.net/wiki/Skyrim:Agrane_Peryval","Agrane Peryval(RefID: FExxx826)"
"Level","4","https://en.uesp.net/wiki/Skyrim:Agrane_Peryval","Agrane Peryval(RefID: FExxx826)"
"RefID","FExxx826","https://en.uesp.net/wiki/Skyrim:Agrane_Peryval","Agrane Peryval(RefID: FExxx826)"
"Horses","Reindeer; 500+ gold","https://en.uesp.net/wiki/Skyrim:Agrane_Peryval","Agrane Peryval(RefID: FExxx826)"
"Gold","750 (+1000 Master Trader)","https://en.uesp.net/wiki/Skyrim:Agrane_Peryval","Agrane Peryval(RefID: FExxx826)"
"Sells","See Standard Merchandise","https://en.uesp.net/wiki/Skyrim:Agrane_Peryval","Agrane Peryval(RefID: FExxx826)"
"Buys","All","https://en.uesp.net/wiki/Skyrim:Agrane_Peryval","Agrane Peryval(RefID: FExxx826)"
"Health","85","https://en.uesp.net/wiki/Skyrim:Agrane_Peryval","Agrane Peryval(RefID: FExxx826)"
"Stamina","60","https://en.uesp.net/wiki/Skyrim:Agrane_Peryval","Agrane Peryval(RefID: FExxx826)"
"Primary Skills","Conjuration","https://en.uesp.net/wiki/Skyrim:Agrane_Peryval","Agrane Peryval(RefID: FExxx826)"
"Class Details","CombatWarrior1H","https://en.uesp.net/wiki/Skyrim:Agrane_Peryval","Agrane Peryval(RefID: FExxx826)"
"Morality","No Crime","https://en.uesp.net/wiki/Skyrim:Agrane_Peryval","Agrane Peryval(RefID: FExxx826)"
"Essential","Yes","https://en.uesp.net/wiki/Skyrim:Agrane_Peryval","Agrane Peryval(RefID: FExxx826)"
"Faction(s)","CrimeFactionPale; JobMerchantFaction; TownDawnstarFaction; Reindeer Merchant; Reindeer Stables Faction","https://en.uesp.net/wiki/Skyrim:Agrane_Peryval","Agrane Peryval(RefID: FExxx826)"
"Gender","Male","https://en.uesp.net/wiki/Skyrim:Agrane_Peryval","Agrane Peryval(RefID: FExxx826)"
"Class","Warrior","https://en.uesp.net/wiki/Skyrim:Agrane_Peryval","Agrane Peryval(RefID: FExxx826)"
"BaseID","FExxx80B","https://en.uesp.net/wiki/Skyrim:Agrane_Peryval","Agrane Peryval(RefID: FExxx826)"
"Magicka","100","https://en.uesp.net/wiki/Skyrim:Agrane_Peryval","Agrane Peryval(RefID: FExxx826)"
"Aggression","Unaggressive","https://en.uesp.net/wiki/Skyrim:Agrane_Peryval","Agrane Peryval(RefID: FExxx826)"
"Location","Halldir's Cairn","https://en.uesp.net/wiki/Skyrim:Agrius","Agrius(RefID: 00083B18)"
"Race","Imperial","https://en.uesp.net/wiki/Skyrim:Agrius","Agrius(RefID: 00083B18)"
"Level","1","https://en.uesp.net/wiki/Skyrim:Agrius","Agrius(RefID: 00083B18)"
"RefID","00083B18","https://en.uesp.net/wiki/Skyrim:Agrius","Agrius(RefID: 00083B18)"
"Health","0 (Dead)","https://en.uesp.net/wiki/Skyrim:Agrius","Agrius(RefID: 00083B18)"
"Faction(s)","BanditFaction","https://en.uesp.net/wiki/Skyrim:Agrius","Agrius(RefID: 00083B18)"
"Gender","Male","https://en.uesp.net/wiki/Skyrim:Agrius","Agrius(RefID: 00083B18)"
"Class","Bandit","https://en.uesp.net/wiki/Skyrim:Agrius","Agrius(RefID: 00083B18)"
"BaseID","00083B19","https://en.uesp.net/wiki/Skyrim:Agrius","Agrius(RefID: 00083B18)"
"Magicka","25","https://en.uesp.net/wiki/Skyrim:Agrius","Agrius(RefID: 00083B18)"
"Home City","Solitude","https://en.uesp.net/wiki/Skyrim:Ahtar","Ahtar(RefID: 000198B0)"
"House","Jala's House","https://en.uesp.net/wiki/Skyrim:Ahtar","Ahtar(RefID: 000198B0)"
"Race","Redguard","https://en.uesp.net/wiki/Skyrim:Ahtar","Ahtar(RefID: 000198B0)"
"Level","PC×1 (range=6-30)","https://en.uesp.net/wiki/Skyrim:Ahtar","Ahtar(RefID: 000198B0)"
"RefID","000198B0","https://en.uesp.net/wiki/Skyrim:Ahtar","Ahtar(RefID: 000198B0)"
"Health","50+(PC-1)×11.7","https://en.uesp.net/wiki/Skyrim:Ahtar","Ahtar(RefID: 000198B0)"
"Magicka","50","https://en.uesp.net/wiki/Skyrim:Ahtar","Ahtar(RefID: 000198B0)"
"Stamina","50+(PC-1)×3.3","https://en.uesp.net/wiki/Skyrim:Ahtar","Ahtar(RefID: 000198B0)"
"Primary Skills","Heavy Armor, Two-handed, Archery, Block","https://en.uesp.net/wiki/Skyrim:Ahtar","Ahtar(RefID: 000198B0)"
"Class Details","CombatWarrior2H","https://en.uesp.net/wiki/Skyrim:Ahtar","Ahtar(RefID: 000198B0)"
"Morality","No Crime","https://en.uesp.net/wiki/Skyrim:Ahtar","Ahtar(RefID: 000198B0)"
"Follower","Yes","https://en.uesp.net/wiki/Skyrim:Ahtar","Ahtar(RefID: 000198B0)"
"Faction(s)","CrimeFactionHaafingar; Favor104QuestGiverFaction; PotentialFollowerFaction; SolitudeJalasHouseFaction; TownSolitudeFaction","https://en.uesp.net/wiki/Skyrim:Ahtar","Ahtar(RefID: 000198B0)"
"Gender","Male","https://en.uesp.net/wiki/Skyrim:Ahtar","Ahtar(RefID: 000198B0)"
"Class","Warrior","https://en.uesp.net/wiki/Skyrim:Ahtar","Ahtar(RefID: 000198B0)"
"BaseID","0001325F","https://en.uesp.net/wiki/Skyrim:Ahtar","Ahtar(RefID: 000198B0)"
"Aggression","Unaggressive","https://en.uesp.net/wiki/Skyrim:Ahtar","Ahtar(RefID: 000198B0)"
"Home City","Markarth","https://en.uesp.net/wiki/Skyrim:Aicantar","Aicantar(RefID: 00019909)"
"Location","Understone Keep, Calcelmo's Laboratory","https://en.uesp.net/wiki/Skyrim:Aicantar","Aicantar(RefID: 00019909)"
"Race","High Elf","https://en.uesp.net/wiki/Skyrim:Aicantar","Aicantar(RefID: 00019909)"
"Level","PC×0.5 (range=5-50)","https://en.uesp.net/wiki/Skyrim:Aicantar","Aicantar(RefID: 00019909)"
"RefID","00019909","https://en.uesp.net/wiki/Skyrim:Aicantar","Aicantar(RefID: 00019909)"
"Health","50+(PC-2)×4.2","https://en.uesp.net/wiki/Skyrim:Aicantar","Aicantar(RefID: 00019909)"
"Magicka","125+(PC-2)×3.3","https://en.uesp.net/wiki/Skyrim:Aicantar","Aicantar(RefID: 00019909)"
"Stamina","50","https://en.uesp.net/wiki/Skyrim:Aicantar","Aicantar(RefID: 00019909)"
"Primary Skills","Conjuration, Restoration, Alteration, Destruction","https://en.uesp.net/wiki/Skyrim:Aicantar","Aicantar(RefID: 00019909)"
"Perks","Augmented Frost (rank 1); Augmented Shock (rank 1); Mage Armor (rank 1); Magic Resistance (rank 1); Recovery (rank 1); Regeneration","https://en.uesp.net/wiki/Skyrim:Aicantar","Aicantar(RefID: 00019909)"
"Class Details","CombatMageConjurer","https://en.uesp.net/wiki/Skyrim:Aicantar","Aicantar(RefID: 00019909)"
"Morality","No Crime","https://en.uesp.net/wiki/Skyrim:Aicantar","Aicantar(RefID: 00019909)"
"Faction(s)","CrimeFactionReach; MarkarthKeepFaction; MarkarthWizardFaction; ServicesMarkarthCastleWizard; TownMarkarthFaction","https://en.uesp.net/wiki/Skyrim:Aicantar","Aicantar(RefID: 00019909)"
"Gender","Male","https://en.uesp.net/wiki/Skyrim:Aicantar","Aicantar(RefID: 00019909)"
"Class","Conjurer","https://en.uesp.net/wiki/Skyrim:Aicantar","Aicantar(RefID: 00019909)"
"BaseID","0001402E","https://en.uesp.net/wiki/Skyrim:Aicantar","Aicantar(RefID: 00019909)"
"Aggression","Unaggressive","https://en.uesp.net/wiki/Skyrim:Aicantar","Aicantar(RefID: 00019909)"
"Home Town","Karthwasten","https://en.uesp.net/wiki/Skyrim:Ainethach","Ainethach(RefID: 00019931)"
"House","Karthwasten Hall","https://en.uesp.net/wiki/Skyrim:Ainethach","Ainethach(RefID: 00019931)"
"Race","Breton","https://en.uesp.net/wiki/Skyrim:Ainethach","Ainethach(RefID: 00019931)"
"Level","6","https://en.uesp.net/wiki/Skyrim:Ainethach","Ainethach(RefID: 00019931)"
"RefID","00019931","https://en.uesp.net/wiki/Skyrim:Ainethach","Ainethach(RefID: 00019931)"
"Health","91","https://en.uesp.net/wiki/Skyrim:Ainethach","Ainethach(RefID: 00019931)"
"Stamina","67","https://en.uesp.net/wiki/Skyrim:Ainethach","Ainethach(RefID: 00019931)"
"Primary Skills","Alchemy, Conjuration","https://en.uesp.net/wiki/Skyrim:Ainethach","Ainethach(RefID: 00019931)"
"Morality","No Crime","https://en.uesp.net/wiki/Skyrim:Ainethach","Ainethach(RefID: 00019931)"
"Marry","Yes","https://en.uesp.net/wiki/Skyrim:Ainethach","Ainethach(RefID: 00019931)"
"Faction(s)","CrimeFactionReach; JobMinerFaction; KarthwastenAinethachHouse; PotentialMarriageFaction; TownKarthwastenFaction","https://en.uesp.net/wiki/Skyrim:Ainethach","Ainethach(RefID: 00019931)"
"Gender","Male","https://en.uesp.net/wiki/Skyrim:Ainethach","Ainethach(RefID: 00019931)"
"Class","Miner","https://en.uesp.net/wiki/Skyrim:Ainethach","Ainethach(RefID: 00019931)"
"BaseID","00013B69","https://en.uesp.net/wiki/Skyrim:Ainethach","Ainethach(RefID: 00019931)"
"Magicka","67","https://en.uesp.net/wiki/Skyrim:Ainethach","Ainethach(RefID: 00019931)"
"Aggression","Unaggressive","https://en.uesp.net/wiki/Skyrim:Ainethach","Ainethach(RefID: 00019931)"
"Added by","Dragonborn","https://en.uesp.net/wiki/Skyrim:Akar","Akar(RefID: xx01F9CA)"
"Location","Frostmoon Crag","https://en.uesp.net/wiki/Skyrim:Akar","Akar(RefID: xx01F9CA)"
"Race","Nord","https://en.uesp.net/wiki/Skyrim:Akar","Akar(RefID: xx01F9CA)"
"Level","PC×0.75 (range=10-50)","https://en.uesp.net/wiki/Skyrim:Akar","Akar(RefID: xx01F9CA)"
"RefID","xx01F9CA","https://en.uesp.net/wiki/Skyrim:Akar","Akar(RefID: xx01F9CA)"
"Health","140-540","https://en.uesp.net/wiki/Skyrim:Akar","Akar(RefID: xx01F9CA)"
"Magicka","50","https://en.uesp.net/wiki/Skyrim:Akar","Akar(RefID: xx01F9CA)"
"Stamina","95-295","https://en.uesp.net/wiki/Skyrim:Akar","Akar(RefID: xx01F9CA)"
"Primary Skills","One-handed, Sneak, Archery, Block","https://en.uesp.net/wiki/Skyrim:Akar","Akar(RefID: xx01F9CA)"
"Class Details","EncClassWerewolf","https://en.uesp.net/wiki/Skyrim:Akar","Akar(RefID: xx01F9CA)"
"Morality","No Crime","https://en.uesp.net/wiki/Skyrim:Akar","Akar(RefID: xx01F9CA)"
"Faction(s)","DLC2dunFrostmoonWerewolvesFaction","https://en.uesp.net/wiki/Skyrim:Akar","Akar(RefID: xx01F9CA)"
"Gender","Male","https://en.uesp.net/wiki/Skyrim:Akar","Akar(RefID: xx01F9CA)"
"Class","Werewolf","https://en.uesp.net/wiki/Skyrim:Akar","Akar(RefID: xx01F9CA)"
"BaseID","xx01F9C3","https://en.uesp.net/wiki/Skyrim:Akar","Akar(RefID: xx01F9CA)"
"Aggression","Aggressive","https://en.uesp.net/wiki/Skyrim:Akar","Akar(RefID: xx01F9CA)"
"Location","Raldbthar","https://en.uesp.net/wiki/Skyrim:Alain_Dufont","Alain Dufont(RefID: 000D2AFF)"
"Race","Breton","https://en.uesp.net/wiki/Skyrim:Alain_Dufont","Alain Dufont(RefID: 000D2AFF)"
"Level","4","https://en.uesp.net/wiki/Skyrim:Alain_Dufont","Alain Dufont(RefID: 000D2AFF)"
"RefID","000D2AFF","https://en.uesp.net/wiki/Skyrim:Alain_Dufont","Alain Dufont(RefID: 000D2AFF)"
"Health","75","https://en.uesp.net/wiki/Skyrim:Alain_Dufont","Alain Dufont(RefID: 000D2AFF)"
"Stamina","60","https://en.uesp.net/wiki/Skyrim:Alain_Dufont","Alain Dufont(RefID: 000D2AFF)"
"Primary Skills","Alchemy, Conjuration","https://en.uesp.net/wiki/Skyrim:Alain_Dufont","Alain Dufont(RefID: 000D2AFF)"
"Morality","No Crime","https://en.uesp.net/wiki/Skyrim:Alain_Dufont","Alain Dufont(RefID: 000D2AFF)"
"Faction(s)","BanditFriendFaction; FavorExcludedFaction","https://en.uesp.net/wiki/Skyrim:Alain_Dufont","Alain Dufont(RefID: 000D2AFF)"
"Gender","Male","https://en.uesp.net/wiki/Skyrim:Alain_Dufont","Alain Dufont(RefID: 000D2AFF)"
"Class","Prisoner","https://en.uesp.net/wiki/Skyrim:Alain_Dufont","Alain Dufont(RefID: 000D2AFF)"
"BaseID","0001B074","https://en.uesp.net/wiki/Skyrim:Alain_Dufont","Alain Dufont(RefID: 000D2AFF)"
"Magicka","60","https://en.uesp.net/wiki/Skyrim:Alain_Dufont","Alain Dufont(RefID: 000D2AFF)"
"Aggression","Aggressive","https://en.uesp.net/wiki/Skyrim:Alain_Dufont","Alain Dufont(RefID: 000D2AFF)"
"Race","Dark Elf","https://en.uesp.net/wiki/Skyrim:Alchemist","Alchemist(RefID: 000399C1, 00099804, 000C63E4, 000E7893, 001068FC)"
"Level","1","https://en.uesp.net/wiki/Skyrim:Alchemist","Alchemist(RefID: 000399C1, 00099804, 000C63E4, 000E7893, 001068FC)"
"RefID","000399C100099804000C63E4000E7893001068FC","https://en.uesp.net/wiki/Skyrim:Alchemist","Alchemist(RefID: 000399C1, 00099804, 000C63E4, 000E7893, 001068FC)"
"Health","0 (Dead)","https://en.uesp.net/wiki/Skyrim:Alchemist","Alchemist(RefID: 000399C1, 00099804, 000C63E4, 000E7893, 001068FC)"
"Stamina","25","https://en.uesp.net/wiki/Skyrim:Alchemist","Alchemist(RefID: 000399C1, 00099804, 000C63E4, 000E7893, 001068FC)"
"Respawns","Yes","https://en.uesp.net/wiki/Skyrim:Alchemist","Alchemist(RefID: 000399C1, 00099804, 000C63E4, 000E7893, 001068FC)"
"Faction(s)","WarlockFaction","https://en.uesp.net/wiki/Skyrim:Alchemist","Alchemist(RefID: 000399C1, 00099804, 000C63E4, 000E7893, 001068FC)"
"Gender","Male","https://en.uesp.net/wiki/Skyrim:Alchemist","Alchemist(RefID: 000399C1, 00099804, 000C63E4, 000E7893, 001068FC)"
"Class","Conjurer","https://en.uesp.net/wiki/Skyrim:Alchemist","Alchemist(RefID: 000399C1, 00099804, 000C63E4, 000E7893, 001068FC)"
"BaseID","00099805","https://en.uesp.net/wiki/Skyrim:Alchemist","Alchemist(RefID: 000399C1, 00099804, 000C63E4, 000E7893, 001068FC)"
"Magicka","100","https://en.uesp.net/wiki/Skyrim:Alchemist","Alchemist(RefID: 000399C1, 00099804, 000C63E4, 000E7893, 001068FC)"
"Added by","Alternative Armors - Steel Soldier","https://en.uesp.net/wiki/Skyrim:Aldepius","Aldepius(RefID: fexxx827)"
"Home Town","Dragon Bridge","https://en.uesp.net/wiki/Skyrim:Aldepius","Aldepius(RefID: fexxx827)"
"Race","Imperial","https://en.uesp.net/wiki/Skyrim:Aldepius","Aldepius(RefID: fexxx827)"
"Level","PC×1 (range=20-50)","https://en.uesp.net/wiki/Skyrim:Aldepius","Aldepius(RefID: fexxx827)"
"RefID","fexxx827","https://en.uesp.net/wiki/Skyrim:Aldepius","Aldepius(RefID: fexxx827)"
"Health","252-492","https://en.uesp.net/wiki/Skyrim:Aldepius","Aldepius(RefID: fexxx827)"
"Magicka","50","https://en.uesp.net/wiki/Skyrim:Aldepius","Aldepius(RefID: fexxx827)"
"Stamina","183-393","https://en.uesp.net/wiki/Skyrim:Aldepius","Aldepius(RefID: fexxx827)"
"Morality","No Crime","https://en.uesp.net/wiki/Skyrim:Aldepius","Aldepius(RefID: fexxx827)"
"Faction(s)","CrimeFactionHaafingar, CWImperialFaction, CWImperialFactionNPC, GuardDialogueFaction, GuardFactionDragonbridge, IsGuardFaction","https://en.uesp.net/wiki/Skyrim:Aldepius","Aldepius(RefID: fexxx827)"
"Gender","Male","https://en.uesp.net/wiki/Skyrim:Aldepius","Aldepius(RefID: fexxx827)"
"Class","Soldier","https://en.uesp.net/wiki/Skyrim:Aldepius","Aldepius(RefID: fexxx827)"
"BaseID","fexxx81e","https://en.uesp.net/wiki/Skyrim:Aldepius","Aldepius(RefID: fexxx827)"
"Aggression","Unaggressive","https://en.uesp.net/wiki/Skyrim:Aldepius","Aldepius(RefID: fexxx827)"
"Home City","Dawnstar","https://en.uesp.net/wiki/Skyrim:Alding","Alding(RefID: 0005226A)"
"Location","Windpeak Inn","https://en.uesp.net/wiki/Skyrim:Alding","Alding(RefID: 0005226A)"
"Race","Nord","https://en.uesp.net/wiki/Skyrim:Alding","Alding(RefID: 0005226A)"
"Level","1","https://en.uesp.net/wiki/Skyrim:Alding","Alding(RefID: 0005226A)"
"RefID","0005226A","https://en.uesp.net/wiki/Skyrim:Alding","Alding(RefID: 0005226A)"
"Health","50","https://en.uesp.net/wiki/Skyrim:Alding","Alding(RefID: 0005226A)"
"Stamina","50","https://en.uesp.net/wiki/Skyrim:Alding","Alding(RefID: 0005226A)"
"Class Details","CombatWarrior1H","https://en.uesp.net/wiki/Skyrim:Alding","Alding(RefID: 0005226A)"
"Morality","No Crime","https://en.uesp.net/wiki/Skyrim:Alding","Alding(RefID: 0005226A)"
"Faction(s)","MS10BloodHorkerFaction","https://en.uesp.net/wiki/Skyrim:Alding","Alding(RefID: 0005226A)"
"Gender","Male","https://en.uesp.net/wiki/Skyrim:Alding","Alding(RefID: 0005226A)"
"Class","Warrior","https://en.uesp.net/wiki/Skyrim:Alding","Alding(RefID: 0005226A)"
"BaseID","00052268","https://en.uesp.net/wiki/Skyrim:Alding","Alding(RefID: 0005226A)"
"Magicka","50","https://en.uesp.net/wiki/Skyrim:Alding","Alding(RefID: 0005226A)"
"Aggression","Aggressive","https://en.uesp.net/wiki/Skyrim:Alding","Alding(RefID: 0005226A)"
"Added by","Hearthfire","https://en.uesp.net/wiki/Skyrim:Alesan","Alesan(RefID: xx003F73)"
"Home City","Dawnstar","https://en.uesp.net/wiki/Skyrim:Alesan","Alesan(RefID: xx003F73)"
"Race","Redguard","https://en.uesp.net/wiki/Skyrim:Alesan","Alesan(RefID: xx003F73)"
"Level","1","https://en.uesp.net/wiki/Skyrim:Alesan","Alesan(RefID: xx003F73)"
"RefID","xx003F73","https://en.uesp.net/wiki/Skyrim:Alesan","Alesan(RefID: xx003F73)"
"Health","50","https://en.uesp.net/wiki/Skyrim:Alesan","Alesan(RefID: xx003F73)"
"Stamina","50","https://en.uesp.net/wiki/Skyrim:Alesan","Alesan(RefID: xx003F73)"
"Race Details","Child","https://en.uesp.net/wiki/Skyrim:Alesan","Alesan(RefID: xx003F73)"
"Morality","No Crime","https://en.uesp.net/wiki/Skyrim:Alesan","Alesan(RefID: xx003F73)"
"AdoptHF","Yes","https://en.uesp.net/wiki/Skyrim:Alesan","Alesan(RefID: xx003F73)"
"Faction(s)","BYOHDisallowGamesFaction; BYOHRelationshipAdoptableFaction; BYOHUrchin_AlesanJobFaction; CrimeFactionPale; DawnstarWindpeakInnFaction; TownDawnstarFaction","https://en.uesp.net/wiki/Skyrim:Alesan","Alesan(RefID: xx003F73)"
"Gender","Male","https://en.uesp.net/wiki/Skyrim:Alesan","Alesan(RefID: xx003F73)"
"Class","Child","https://en.uesp.net/wiki/Skyrim:Alesan","Alesan(RefID: xx003F73)"
"BaseID","xx00403C","https://en.uesp.net/wiki/Skyrim:Alesan","Alesan(RefID: xx003F73)"
"Magicka","0","https://en.uesp.net/wiki/Skyrim:Alesan","Alesan(RefID: xx003F73)"
"Aggression","Unaggressive","https://en.uesp.net/wiki/Skyrim:Alesan","Alesan(RefID: xx003F73)"
"Location","Nchuand-Zel Excavation Site","https://en.uesp.net/wiki/Skyrim:Alethius","Alethius(RefID: 000C370B)"
"Race","Imperial","https://en.uesp.net/wiki/Skyrim:Alethius","Alethius(RefID: 000C370B)"
"Level","1","https://en.uesp.net/wiki/Skyrim:Alethius","Alethius(RefID: 000C370B)"
"RefID","000C370B","https://en.uesp.net/wiki/Skyrim:Alethius","Alethius(RefID: 000C370B)"
"Health","0 (Dead)","https://en.uesp.net/wiki/Skyrim:Alethius","Alethius(RefID: 000C370B)"
"Faction(s)","CrimeFactionRift; TownIvarsteadFaction","https://en.uesp.net/wiki/Skyrim:Alethius","Alethius(RefID: 000C370B)"
"Gender","Male","https://en.uesp.net/wiki/Skyrim:Alethius","Alethius(RefID: 000C370B)"
"Class","Citizen","https://en.uesp.net/wiki/Skyrim:Alethius","Alethius(RefID: 000C370B)"
"BaseID","000C370C","https://en.uesp.net/wiki/Skyrim:Alethius","Alethius(RefID: 000C370B)"
"Magicka","50","https://en.uesp.net/wiki/Skyrim:Alethius","Alethius(RefID: 000C370B)"
"Home City","Windhelm","https://en.uesp.net/wiki/Skyrim:Alfarinn","Alfarinn(RefID: 0009B7C8)"
"Store","Windhelm Stables","https://en.uesp.net/wiki/Skyrim:Alfarinn","Alfarinn(RefID: 0009B7C8)"
"Race","Nord","https://en.uesp.net/wiki/Skyrim:Alfarinn","Alfarinn(RefID: 0009B7C8)"
"Level","6","https://en.uesp.net/wiki/Skyrim:Alfarinn","Alfarinn(RefID: 0009B7C8)"
"RefID","0009B7C8","https://en.uesp.net/wiki/Skyrim:Alfarinn","Alfarinn(RefID: 0009B7C8)"
"Health","108","https://en.uesp.net/wiki/Skyrim:Alfarinn","Alfarinn(RefID: 0009B7C8)"
"Stamina","67","https://en.uesp.net/wiki/Skyrim:Alfarinn","Alfarinn(RefID: 0009B7C8)"
"Primary Skills","One-handed, Block, Heavy Armor, Two-handed","https://en.uesp.net/wiki/Skyrim:Alfarinn","Alfarinn(RefID: 0009B7C8)"
"Class Details","CombatWarrior1H","https://en.uesp.net/wiki/Skyrim:Alfarinn","Alfarinn(RefID: 0009B7C8)"
"Morality","No Crime","https://en.uesp.net/wiki/Skyrim:Alfarinn","Alfarinn(RefID: 0009B7C8)"
"Protected","Yes","https://en.uesp.net/wiki/Skyrim:Alfarinn","Alfarinn(RefID: 0009B7C8)"
"Respawns","Yes","https://en.uesp.net/wiki/Skyrim:Alfarinn","Alfarinn(RefID: 0009B7C8)"
"Faction(s)","BanditFriendFaction; Blood-Kin of the Orcs; Carriage System Vendors; CrimeFactionEastmarch; Faction that is friends with all Creatures; Friends with PredatorFaction","https://en.uesp.net/wiki/Skyrim:Alfarinn","Alfarinn(RefID: 0009B7C8)"
"Gender","Male","https://en.uesp.net/wiki/Skyrim:Alfarinn","Alfarinn(RefID: 0009B7C8)"
"Class","Warrior","https://en.uesp.net/wiki/Skyrim:Alfarinn","Alfarinn(RefID: 0009B7C8)"
"BaseID","0009B7AB","https://en.uesp.net/wiki/Skyrim:Alfarinn","Alfarinn(RefID: 0009B7C8)"
"Magicka","50","https://en.uesp.net/wiki/Skyrim:Alfarinn","Alfarinn(RefID: 0009B7C8)"
"Aggression","Unaggressive","https://en.uesp.net/wiki/Skyrim:Alfarinn","Alfarinn(RefID: 0009B7C8)"
